Name,"Employee ID",Email,Department
Prince,Emp1,prince@gmail.com,"Ios developer"
Meet,Emp4,meet@gmail.com,"PhP Developer"
Fenil,Emp5,f@gmail.com,"PhP Developer"
Brijesh,Emp6,brijesh@gmail.com,"Html Designer"
Umang,Emp7,umang@gmail.com,"Android Developer"
Mayur,Emp8,mayur@gmail.com,"PhP Developer"
Manav,Emp10,manav@gmail.com,"PhP Developer"
Happy,Emp11,happy@gmail.com,"PhP Developer"
Fenil,Emp12,fenail@gmail.com,"Android Developer"
Kashyap,Emp13,kashyap@gmail.com,"PhP Developer"
Yash,Emp14,yash@gmail.com,"PhP Developer"
Alexandra,Emp1234,typapupy@mailinator.com,"Android Developer"
